<Ui xmlns="http://www.blizzard.com/wow/ui/"
	xmlns:xsi="http://www.w3.org/2001/XMLSchema-instance"
	xsi:schemaLocation="http://www.blizzard.com/wow/ui/">

	<!--
		Total RP 3
		Copyright 2014 Sylvain Cossement (telkostrasz@telkostrasz.be)

		Licensed under the Apache License, Version 2.0 (the "License");
		you may not use this file except in compliance with the License.
		You may obtain a copy of the License at

			http://www.apache.org/licenses/LICENSE-2.0

		Unless required by applicable law or agreed to in writing, software
		distributed under the License is distributed on an "AS IS" BASIS,
		WITHOUT WARRANTIES OR CONDITIONS OF ANY KIND, either express or implied.
		See the License for the specific language governing permissions and
		limitations under the License.
	-->

	<Button name="TRP3_WorldMapButton" parent="UIParent" inherits="TRP3_IconButton" frameStrata="FULLSCREEN" toplevel="true">
		<Frames>
			<Cooldown parentKey="Cooldown" setAllPoints="true" inherits="CooldownFrameTemplate" />
		</Frames>
		<Scripts>
			<OnEnter>
					WorldMapPOIFrame.allowBlobTooltip = false;
					WorldMapTooltip:Hide();
					WorldMapTooltip:SetOwner(self, "ANCHOR_RIGHT",0,0);
					WorldMapTooltip:AddLine(self.title, 1, 1, 1,true);
					WorldMapTooltip:AddLine(self.subtitle, 1, 1, 1,true);
					WorldMapTooltip:Show();
			</OnEnter>
			<OnLeave>
					WorldMapTooltip:Hide();
			</OnLeave>
		</Scripts>
	</Button>

	<Frame name="TRP3_WorldMapUnit" virtual="true" alpha="0">
		<Size>
			<AbsDimension x="16" y="16"/>
		</Size>
		<Layers>
			<Layer level="ARTWORK">
				<Texture parentKey="Icon" file="Interface\Minimap\PartyRaidBlips" setAllPoints="true" />
			</Layer>
		</Layers>
		<Animations>
			<AnimationGroup parentKey="Bounce" setToFinalAlpha="true">
				<Alpha toAlpha="1" fromAlpha="0" duration="0.2"/>
				<Scale scaleX="1.5" scaleY="1.5" duration="0.2"/>
				<Scale scaleX="0.5" scaleY="0.5" duration="0.2" startDelay="0.2"/>
			</AnimationGroup>
		</Animations>
	</Frame>

	<Frame name="TRP3_ScanLoaderFrame" parent="WorldMapButton" hidden="true">
		<Size x="200" y="200"/>
		<Anchors>
			<Anchor point="CENTER" x="0" y="0"/>
		</Anchors>
		<Layers>
			<Layer level="BACKGROUND">
				<Texture alphaMode="ADD" file="Interface\UNITPOWERBARALT\PandarenTrainingLarge_Circular_Fill" alpha="0.5">
					<Size x="256" y="256"/>
					<Anchors>
						<Anchor point="CENTER" x="0" y="0"/>
					</Anchors>
				</Texture>
			</Layer>
			<Layer level="BORDER">
				<Texture alphaMode="ADD" file="Interface\UNITPOWERBARALT\PandarenTrainingLarge_Circular_Flash" alpha="0.5">
					<Size x="300" y="300"/>
					<Anchors>
						<Anchor point="CENTER" x="0" y="0"/>
					</Anchors>
					<Animations>
						<AnimationGroup name="TRP3_ScanLoaderBackAnimation1">
							<Rotation name="$parentRotation" degrees="-90"/>
						</AnimationGroup>
						<AnimationGroup name="TRP3_ScanLoaderBackAnimationGrow1">
							<Scale duration="1" scaleX="2.5" scaleY="2.5"/>
						</AnimationGroup>
					</Animations>
				</Texture>
				<Texture alphaMode="ADD" file="Interface\UNITPOWERBARALT\PandarenTrainingLarge_Circular_Flash" alpha="0.5">
					<Size x="400" y="400"/>
					<Anchors>
						<Anchor point="CENTER" x="0" y="0"/>
					</Anchors>
					<Animations>
						<AnimationGroup name="TRP3_ScanLoaderBackAnimation2">
							<Rotation name="$parentRotation" degrees="90"/>
						</AnimationGroup>
						<AnimationGroup name="TRP3_ScanLoaderBackAnimationGrow2" >
							<Scale duration="1" scaleX="2.5" scaleY="2.5"/>
						</AnimationGroup>
					</Animations>
				</Texture>
			</Layer>
			<Layer level="ARTWORK">
				<Texture alphaMode="BLEND" file="Interface\Timer\Challenges-Logo">
					<Size x="130" y="130"/>
					<Anchors>
						<Anchor point="CENTER" x="0" y="0"/>
					</Anchors>
					<Animations>
						<AnimationGroup name="TRP3_ScanLoaderAnimation">
							<Rotation name="$parentRotation" degrees="-360"/>
						</AnimationGroup>
					</Animations>
				</Texture>
				<!--F:\Games\World of Warcraft\BlizzardInterfaceArt\Interface\UNITPOWERBARALT\PandarenTrainingLarge_Circular_Frame.blp-->
				<!--Mechanical_Circular_Frame-->
				<Texture alphaMode="BLEND" file="Interface\UNITPOWERBARALT\PandarenTrainingLarge_Circular_Frame">
					<Size x="256" y="256"/>
					<Anchors>
						<Anchor point="CENTER" x="0" y="0"/>
					</Anchors>
					<Animations>
						<AnimationGroup name="TRP3_ScanLoaderGlow">
							<Rotation name="$parentRotation" degrees="-360"/>
						</AnimationGroup>
					</Animations>
				</Texture>
			</Layer>
			<Layer level="ARTWORK">
				<Texture parentKey="Banner" atlas="GarrMission_RewardsBanner-Desaturate" useAtlasSize="true">
					<Anchors>
						<Anchor point="CENTER" relativePoint="TOP" x="0" y="10"/>
					</Anchors>
				</Texture>
			</Layer>
			<Layer level="OVERLAY">
				<FontString name="TRP3_ScanLoaderFrameScanning" inherits="QuestFont_Huge" text="Scanning">
					<Anchors>
						<Anchor point="CENTER" relativeKey="$parent.Banner" x="0" y="6"/>
					</Anchors>
					<Color r="0" g="0" b="0" />
				</FontString>
			</Layer>
		</Layers>
		<Animations>
			<AnimationGroup name="TRP3_ScanFadeOut" setToFinalAlpha="true">
				<Alpha duration="1" toAlpha="0" fromAlpha="1"/>
			</AnimationGroup>
			<AnimationGroup name="TRP3_ScanFadeIn" setToFinalAlpha="true">
				<Alpha duration="0" fromAlpha="1" toAlpha="0"/>
				<Alpha duration="0.5" fromAlpha="0" toAlpha="1"/>
			</AnimationGroup>
		</Animations>
	</Frame>

	<Script file="map_markers.lua"/>
</Ui>
