<Ui xmlns="http://www.blizzard.com/wow/ui/"
	xmlns:xsi="http://www.w3.org/2001/XMLSchema-instance"
	xsi:schemaLocation="http://www.blizzard.com/wow/ui/">

	<!--
		Total RP 3
		Copyright 2014 Sylvain Cossement (telkostrasz@telkostrasz.be)

		Licensed under the Apache License, Version 2.0 (the "License");
		you may not use this file except in compliance with the License.
		You may obtain a copy of the License at

			http://www.apache.org/licenses/LICENSE-2.0

		Unless required by applicable law or agreed to in writing, software
		distributed under the License is distributed on an "AS IS" BASIS,
		WITHOUT WARRANTIES OR CONDITIONS OF ANY KIND, either express or implied.
		See the License for the specific language governing permissions and
		limitations under the License.
	-->

	<!-- Common close button  -->
	<Button name="TRP3_CloseButton" inherits="UIPanelCloseButton" virtual="true">
		<Scripts>
			<OnEnter>
				TRP3_RefreshTooltipForFrame(self);
			</OnEnter>
			<OnLeave>
				TRP3_MainTooltip:Hide();
			</OnLeave>
			<PostClick>
				TRP3_API.ui.misc.playUISound("gsCharacterSelection");
			</PostClick>
		</Scripts>
	</Button>

	<!-- Common red Wow button template  -->
	<Button name="TRP3_CommonButton" inherits="UIPanelButtonTemplate" virtual="true">
		<Size x="90" y="20"/>
		<Scripts>
			<OnEnter>
				TRP3_RefreshTooltipForFrame(self);
			</OnEnter>
			<OnLeave>
				TRP3_MainTooltip:Hide();
			</OnLeave>
			<PostClick>
				TRP3_API.ui.misc.playUISound("gsCharacterSelection");
			</PostClick>
		</Scripts>
	</Button>

	<!-- Common icon button  -->
	<Button name="TRP3_IconButton" virtual="true">
		<Size x="26" y="26"/>
		<Layers>
			<Layer level="OVERLAY">
				<Texture name="$parentIcon" parentKey="Icon" file="Interface\ICONS\INV_Misc_QuestionMark" setAllPoints="true"/>
			</Layer>
		</Layers>
		<NormalTexture file="Interface\AchievementFrame\UI-Achievement-IconFrame">
			<Size x="65" y="65"/>
			<Anchors>
				<Anchor point="CENTER" x="14" y="-14"/>
			</Anchors>
		</NormalTexture>
		<PushedTexture file="Interface\Buttons\UI-EmptySlot">
			<Size x="50" y="50"/>
			<Anchors>
				<Anchor point="CENTER" x="0" y="0"/>
			</Anchors>
		</PushedTexture>
		<DisabledTexture file="Interface\Buttons\UI-EmptySlot-Disabled">
			<Size x="47" y="47"/>
			<Anchors>
				<Anchor point="CENTER" x="0" y="0"/>
			</Anchors>
		</DisabledTexture>
		<HighlightTexture alphaMode="ADD" file="Interface\Buttons\UI-Quickslot-Depress"/>
		<Scripts>
			<OnEnter>
				TRP3_RefreshTooltipForFrame(self);
			</OnEnter>
			<OnLeave>
				TRP3_MainTooltip:Hide();
			</OnLeave>
			<PostClick>
				TRP3_API.ui.misc.playUISound("gsCharacterSelection");
			</PostClick>
		</Scripts>
	</Button>

	<Button name="TRP3_ActionButton" virtual="true">
		<Size x="32" y="32"/>
		<NormalTexture file="Interface\Buttons\UI-Panel-SmallerButton-Up"/>
		<PushedTexture file="Interface\Buttons\UI-Panel-SmallerButton-Down"/>
		<HighlightTexture file="Interface\Buttons\UI-Panel-MinimizeButton-Highlight" alphaMode="ADD"/>
		<Scripts>
			<OnEnter>
				TRP3_RefreshTooltipForFrame(self);
			</OnEnter>
			<OnLeave>
				TRP3_MainTooltip:Hide();
			</OnLeave>
			<PostClick>
				TRP3_API.ui.misc.playUISound("gsCharacterSelection");
			</PostClick>
		</Scripts>
	</Button>

	<!-- Help button  -->
	<Button name="TRP3_HelpButton" virtual="true">
		<Size x="16" y="16"/>
		<NormalTexture file="Interface\FriendsFrame\InformationIcon"/>
		<HighlightTexture file="Interface\FriendsFrame\InformationIcon-Highlight"/>
		<Scripts>
			<OnEnter>
				TRP3_RefreshTooltipForFrame(self);
			</OnEnter>
			<OnLeave>
				TRP3_MainTooltip:Hide();
			</OnLeave>
		</Scripts>
	</Button>

	<!-- Invisible button  -->
	<Button name="TRP3_InvisibleButton" virtual="true">
		<Size x="90" y="20"/>
		<Scripts>
			<OnEnter>
				TRP3_RefreshTooltipForFrame(self);
			</OnEnter>
			<OnLeave>
				TRP3_MainTooltip:Hide();
			</OnLeave>
		</Scripts>
	</Button>

	<!-- Category button -->
	<Button name="TRP3_CategoryButton" virtual="true">
		<Size x="158" y="24"/>
		<Layers>
			<Layer level="BACKGROUND">
				<Texture name="$parentBackground" file="Interface\AchievementFrame\UI-Achievement-Category-Background">
					<Size x="170" y="32"/>
					<Anchors>
						<Anchor point="TOPLEFT"/>
						<Anchor point="TOPRIGHT"/>
					</Anchors>
					<TexCoords left="0" right="0.6640625" top="0" bottom="1"/>
				</Texture>
			</Layer>
			<Layer level="BORDER">
				<Texture name="$parentIcon" file="Interface\ICONS\pet_type_beast" hidden="true">
					<Size x="16" y="16"/>
					<Anchors>
						<Anchor point="LEFT" x="9" y="-2"/>
					</Anchors>
				</Texture>
			</Layer>
			<Layer level="ARTWORK">
				<FontString name="$parentLabel" inherits="GameFontNormal" wordwrap="false" justifyH="CENTER">
					<Anchors>
						<Anchor point="BOTTOMLEFT" x="24" y="2"/>
						<Anchor point="TOPRIGHT" x="-16" y="-6"/>
					</Anchors>
				</FontString>
			</Layer>
		</Layers>
		<HighlightTexture file="Interface\AchievementFrame\UI-Achievement-Category-Highlight" alphaMode="ADD">
			<Anchors>
				<Anchor point="TOPLEFT" x="0" y="0"/>
				<Anchor point="BOTTOMRIGHT" x="-1" y="-7"/>
			</Anchors>
			<TexCoords left="0" right="0.6640625" top="0" bottom="1"/>
		</HighlightTexture>
		<Frames>
			<Button name="$parentClose" inherits="TRP3_CloseButton">
				<Anchors>
					<Anchor point="RIGHT" relativePoint="LEFT" x="5" y="-2"/>
				</Anchors>
			</Button>
		</Frames>
	</Button>

	<Slider name="TRP3_Slider" inherits="OptionsSliderTemplate" virtual="true">
		<Size x="140" y="15"/>
		<Layers>
			<Layer level="OVERLAY">
				<FontString name="$parentValText" inherits="GameFontNormal" justifyH="CENTER" text="[value]">
					<Size x="0" y="10"/>
					<Anchors>
						<Anchor point="LEFT"/>
						<Anchor point="RIGHT"/>
					</Anchors>
					<Color r="0.95" g="0.95" b="0.95"/>
				</FontString>
			</Layer>
		</Layers>
		<Scripts>
			<OnEnter>
				TRP3_RefreshTooltipForFrame(self);
			</OnEnter>
			<OnLeave>
				TRP3_MainTooltip:Hide();
			</OnLeave>
		</Scripts>
	</Slider>

	<!-- A bordered frame with a title -->
	<Frame name="TRP3_FieldSetFrame" virtual="true">
		<Backdrop bgFile="Interface\DialogFrame\UI-DialogBox-Background" edgeFile="Interface\Tooltips\UI-Tooltip-Border" tile="true">
			<EdgeSize val="16"/>
			<TileSize val="380" />
			<BackgroundInsets left="3" right="3" top="3" bottom="3" />
		</Backdrop>
		<Frames>
			<Frame name="$parentCaptionPanel" parentKey="caption">
				<Backdrop bgFile="Interface\BankFrame\Bank-Background" edgeFile="Interface\Tooltips\UI-Tooltip-Border" tile="true">
					<EdgeSize val="16"/>
					<TileSize>
						<AbsValue val="100"/>
					</TileSize>
					<BackgroundInsets>
						<AbsInset left="4" right="2" top="2" bottom="2"/>
					</BackgroundInsets>
				</Backdrop>
				<Size x="150" y="23"/>
				<Layers>
					<Layer level="OVERLAY">
						<FontString name="$parentCaption" text="[Caption text]" inherits="GameFontNormal" wordwrap="false">
							<Anchors>
								<Anchor point="LEFT" x="10" y="0"/>
								<Anchor point="RIGHT" x="-10" y="0"/>
							</Anchors>
							<Color r="0.95" g="0.95" b="0.95"/>
						</FontString>
					</Layer>
				</Layers>
				<Anchors>
					<Anchor point="TOPLEFT" x="16" y="10"/>
				</Anchors>
			</Frame>
		</Frames>
	</Frame>

	<!-- A bordered icon -->
	<Frame name="TRP3_SimpleIcon" virtual="true">
		<Size x="35" y="35"/>
		<Layers>
			<Layer level="BACKGROUND">
				<Texture name="$parentIcon" parentKey="Icon" file="Interface\ICONS\INV_Misc_QuestionMark">
					<Anchors>
						<Anchor point="TOPLEFT" x="0" y="0"/>
						<Anchor point="BOTTOMRIGHT" x="0" y="0"/>
					</Anchors>
				</Texture>
			</Layer>
		</Layers>
	</Frame>

	<!-- Titled edit box, TRP2 style -->
	<EditBox name="TRP3_TitledEditBox" letters="0" historyLines="10" autoFocus="false" virtual="true">
		<Size x="100" y="18"/>
		<Layers>
			<Layer level="BACKGROUND">
				<Texture parentKey="Left" file="Interface\Common\Common-Input-Border">
					<Size x="12" y="28"/>
					<Anchors>
						<Anchor point="TOPLEFT" x="-5" y="0"/>
					</Anchors>
					<TexCoords left="0" right="0.09375" top="0" bottom="1.0"/>
				</Texture>
				<Texture parentKey="Right" file="Interface\Common\Common-Input-Border">
					<Size x="12" y="28"/>
					<Anchors>
						<Anchor point="TOPRIGHT" x="5" y="0"/>
					</Anchors>
					<TexCoords left="0.90625" right="1.0" top="0" bottom="1.0"/>
				</Texture>
				<Texture parentKey="Center" file="Interface\Common\Common-Input-Border">
					<Size x="0" y="28"/>
					<Anchors>
						<Anchor point="LEFT" relativeKey="$parent.Left" relativePoint="RIGHT"/>
						<Anchor point="RIGHT" relativeKey="$parent.Right" relativePoint="LEFT"/>
					</Anchors>
					<TexCoords left="0.09375" right="0.90625" top="0" bottom="1.0"/>
				</Texture>
			</Layer>
			<Layer level="OVERLAY">
				<FontString name="$parentText" parentKey="title" text="" inherits="GameFontNormalSmall" justifyH="LEFT" justifyV="TOP">
					<Anchors>
						<Anchor point="TOPLEFT" x="5" y="5"/>
						<Anchor point="TOPRIGHT" x="0" y="5"/>
					</Anchors>
					<Color r="0.95" g="0.75" b="0.1"/>
				</FontString>
			</Layer>
		</Layers>
		<FontString inherits="GameFontWhite"/>
		<Scripts>
			<OnEscapePressed>
				self:ClearFocus()
			</OnEscapePressed>
			<OnEditFocusGained>
				if self.disabled then
					self:ClearFocus();
				else
					self:HighlightText();
				end
			</OnEditFocusGained>
			<OnEditFocusLost>
				self:HighlightText(0,0);
			</OnEditFocusLost>
			<OnEnter>
				TRP3_RefreshTooltipForFrame(self);
			</OnEnter>
			<OnLeave>
				TRP3_MainTooltip:Hide();
			</OnLeave>
		</Scripts>
	</EditBox>

	<!-- Titled edit box, TRP2 style, with help TT button -->
	<EditBox name="TRP3_TitledHelpEditBox" inherits="TRP3_TitledEditBox" virtual="true">
		<Frames>
			<Button name="$parentHelp" parentKey="help" inherits="TRP3_HelpButton" hidden="true">
				<Size x="14" y="14"/>
				<Anchors>
					<Anchor point="RIGHT" x="2" y="0"/>
				</Anchors>
			</Button>
		</Frames>
		<Scripts>
			<OnEditFocusGained>
				if self.disabled then
					self:ClearFocus();
				else
					self:HighlightText();
				end
				if self.help.titleText then
					self.help:Show();
				end
			</OnEditFocusGained>
			<OnEditFocusLost>
				self:HighlightText(0,0);
				self.help:Hide();
			</OnEditFocusLost>
		</Scripts>
	</EditBox>

	<!-- Checkbox with small label and TT compatible -->
	<CheckButton name="TRP3_CheckBox" inherits="OptionsCheckButtonTemplate" virtual="true" checked="false">
		<Scripts>
			<OnLoad>
				self.Text = _G[self:GetName() .. "Text"];
				self.Text:SetFontObject(GameFontNormalSmall);
			</OnLoad>
			<OnEnter>
				TRP3_RefreshTooltipForFrame(self);
			</OnEnter>
			<OnLeave>
				TRP3_MainTooltip:Hide();
			</OnLeave>
			<PostClick>
				TRP3_API.ui.misc.playUISound("gsCharacterSelection");
			</PostClick>
		</Scripts>
	</CheckButton>

	<!-- Tab bar tab button -->
	<Button name="TRP3_TabBar_Tab" virtual="true">
		<Size>
			<AbsDimension x="10" y="32"/>
		</Size>
		<Layers>
			<Layer level="BACKGROUND">
				<Texture name="$parentLeft" file="Interface\CHATFRAME\ChatFrameTabUnsel-BGLeft">
					<Size>
						<AbsDimension x="25" y="32"/>
					</Size>
					<Anchors>
						<Anchor point="BOTTOMLEFT" x="0" y="0"/>
					</Anchors>
					<TexCoords left="0" right="1" top="0.3" bottom="1"/>
				</Texture>
				<Texture name="$parentRight" file="Interface\CHATFRAME\ChatFrameTabUnsel-BGRight">
					<Size>
						<AbsDimension x="25" y="32"/>
					</Size>
					<Anchors>
						<Anchor point="BOTTOMRIGHT" x="0" y="0"/>
					</Anchors>
					<TexCoords left="0" right="1" top="0.3" bottom="1"/>
				</Texture>
				<Texture name="$parentMiddle" file="Interface\CHATFRAME\ChatFrameTabUnsel-BGMid">
					<Anchors>
						<Anchor point="TOPLEFT" relativeTo="$parentLeft" relativePoint="TOPRIGHT"/>
						<Anchor point="BOTTOMRIGHT" relativeTo="$parentRight" relativePoint="BOTTOMLEFT"/>
					</Anchors>
					<TexCoords left="0" right="1" top="0.3" bottom="1"/>
				</Texture>
			</Layer>
		</Layers>
		<ButtonText name="$parentText">
			<Size>
				<AbsDimension x="0" y="32"/>
			</Size>
			<Anchors>
				<Anchor point="CENTER">
					<Offset>
						<AbsDimension x="0" y="-2"/>
					</Offset>
				</Anchor>
			</Anchors>
		</ButtonText>
		<NormalFont style="GameFontHighlightSmall"/>
		<HighlightFont style="GameFontHighlightSmall"/>
		<DisabledFont style="GameFontHighlight"/>
		<HighlightTexture name="$parentHighlightTexture"
						  file="Interface\PaperDollInfoFrame\UI-Character-Tab-Highlight-yellow" alphaMode="ADD">
			<Anchors>
				<Anchor point="TOPLEFT">
					<Offset>
						<AbsDimension x="5" y="-2"/>
					</Offset>
				</Anchor>
				<Anchor point="BOTTOMRIGHT">
					<Offset>
						<AbsDimension x="-5" y="-2"/>
					</Offset>
				</Anchor>
			</Anchors>
		</HighlightTexture>
		<Scripts>
			<PostClick>
				TRP3_API.ui.misc.playUISound("igCharacterInfoTab");
			</PostClick>
		</Scripts>
	</Button>

	<Frame name="TRP3_TextAreaBase" virtual="true" enableMouse="true">
		<Frames>
			<ScrollFrame parentKey="scroll" name="$parentScroll" inherits="UIPanelScrollFrameTemplate">
				<Anchors>
					<Anchor point="TOP" x="0" y="-10"/>
					<Anchor point="BOTTOM" x="0" y="10"/>
					<Anchor point="LEFT" x="15" y="0"/>
					<Anchor point="RIGHT" x="-18" y="0"/>
				</Anchors>
				<ScrollChild>
					<EditBox name="$parentText" parentKey="text" multiLine="true" enableMouse="false" autoFocus="false">
						<Scripts>
							<OnShow>
								self:SetWidth(self:GetParent():GetParent():GetWidth() - 40);
							</OnShow>
							<OnTextChanged>
								if self:IsVisible() and self:GetCursorPosition() == string.len(self:GetText()) then
								self:GetParent():SetVerticalScroll(self:GetParent():GetVerticalScrollRange());
								end
							</OnTextChanged>
							<OnEscapePressed>
								self:ClearFocus();
							</OnEscapePressed>
							<OnEditFocusGained>
								self:HighlightText();
								self:GetParent():GetParent().dummy:Hide();
							</OnEditFocusGained>
							<OnEditFocusLost>
								self:HighlightText(0,0);
								self:GetParent():GetParent().dummy:Show();
							</OnEditFocusLost>
						</Scripts>
						<FontString inherits="ChatFontNormal"/>
					</EditBox>
				</ScrollChild>
			</ScrollFrame>
			<Button name="$parentFocusDummy" parentKey="dummy">
				<Anchors>
					<Anchor point="TOP" x="0" y="5"/>
					<Anchor point="BOTTOM" x="0" y="-5"/>
					<Anchor point="LEFT" x="0" y="0"/>
					<Anchor point="RIGHT" x="-10" y="0"/>
				</Anchors>
				<Scripts>
					<OnClick>
						self:GetParent().scroll.text:SetFocus();
					</OnClick>
				</Scripts>
			</Button>
		</Frames>
	</Frame>

	<!-- Text area -->
	<Frame name="TRP3_TextArea" inherits="TRP3_TextAreaBase" virtual="true" enableMouse="true">
		<Layers>
			<Layer level="BACKGROUND">
				<Texture file="Interface\DialogFrame\UI-DialogBox-Background" horizTile="true" vertTile="true">
					<Anchors>
						<Anchor point="TOPLEFT" relativePoint="TOPLEFT" x="3" y="-4"/>
						<Anchor point="BOTTOMRIGHT" relativePoint="BOTTOMRIGHT" x="-5" y="2"/>
					</Anchors>
				</Texture>
			</Layer>
			<Layer level="BORDER" textureSubLevel="1">
				<Texture name="$parentInsetBotLeftCorner" inherits="UI-Frame-InnerBotLeftCorner" parentKey="InsetBorderBottomLeft">
					<Anchors>
						<Anchor point="BOTTOMLEFT" x="2" y="0"/>
					</Anchors>
				</Texture>
				<Texture name="$parentInsetBotRightCorner" inherits="UI-Frame-InnerBotRight" parentKey="InsetBorderBottomRight">
					<Anchors>
						<Anchor point="BOTTOMRIGHT" x="-3" y="0"/>
					</Anchors>
				</Texture>
				<Texture name="$parentInsetTopLeftCorner" inherits="UI-Frame-InnerTopLeft" parentKey="InsetBorderTopLeft">
					<Anchors>
						<Anchor point="TOPLEFT" x="2" y="-3"/>
					</Anchors>
				</Texture>
				<Texture name="$parentInsetTopRightCorner" inherits="UI-Frame-InnerTopRight" parentKey="InsetBorderTopmRight">
					<Anchors>
						<Anchor point="TOPRIGHT" x="-3" y="-3"/>
					</Anchors>
				</Texture>
			</Layer>
			<Layer level="BORDER">
				<Texture name="$parentInsetBottomBorder" inherits="_UI-Frame-InnerBotTile" parentKey="InsetBorderBottom">
					<Anchors>
						<Anchor point="BOTTOMLEFT" relativeKey="$parent.InsetBorderBottomLeft" relativePoint="BOTTOMRIGHT"/>
						<Anchor point="BOTTOMRIGHT" relativeKey="$parent.InsetBorderBottomRight" relativePoint="BOTTOMLEFT"/>
					</Anchors>
				</Texture>

				<Texture name="$parentInsetLeftBorder" inherits="!UI-Frame-InnerLeftTile" parentKey="InsetBorderLeft">
					<Anchors>
						<Anchor point="TOPLEFT" x="2" y="-3"/>
						<Anchor point="BOTTOMLEFT" relativeKey="$parent.InsetBorderBottomLeft" relativePoint="TOPLEFT"/>
					</Anchors>
				</Texture>
				<Texture name="$parentInsetRightBorder" inherits="!UI-Frame-InnerRightTile" parentKey="InsetBorderRight">
					<Anchors>
						<Anchor point="TOPRIGHT" x="-3" y="-3"/>
						<Anchor point="BOTTOMRIGHT" relativeKey="$parent.InsetBorderBottomRight" relativePoint="TOPRIGHT"/>
					</Anchors>
				</Texture>
				<Texture name="$parentInsetTopBorder" inherits="_UI-Frame-InnerTopTile" parentKey="InsetBorderBottom">
					<Anchors>
						<Anchor point="TOPLEFT" relativeKey="$parent.InsetBorderLeft" relativePoint="TOPLEFT"/>
						<Anchor point="TOPRIGHT" relativeKey="$parent.InsetBorderRight" relativePoint="TOPRIGHT"/>
					</Anchors>
				</Texture>
			</Layer>
		</Layers>
	</Frame>

	<!-- Color picker button -->
	<Button name="TRP3_SearchButton" virtual="true" inherits="TRP3_IconButton">
		<Scripts>
			<OnLoad>
				self:SetScale(0.8);
				self:RegisterForClicks("LeftButtonUp", "RightButtonUp");
				_G[self:GetName() .. "Icon"]:SetTexture("Interface\\MINIMAP\\TRACKING\\None");
			</OnLoad>
		</Scripts>
	</Button>

	<!-- Color picker button -->
	<Button name="TRP3_ColorPickerButton" virtual="true">
		<Size x="16" y="16"/>
		<HighlightTexture alphaMode="ADD" name="$parentSwatchBgHighlight" file="Interface\SpellActivationOverlay\IconAlert">
			<Size x="71" y="68"/>
			<Anchors>
				<Anchor x="-11" y="11" point="TOPLEFT"/>
			</Anchors>
			<TexCoords left="0" right="1" top="0.53" bottom="1"/>
			<Color r="1.0" g="1.0" b="1.0" a="0.40"/>
		</HighlightTexture>
		<Layers>
			<Layer level="BACKGROUND">
				<Texture name="$parentSwatchBg">
					<Color r="1.0" g="1.0" b="1.0"/>
				</Texture>
			</Layer>
			<Layer level="BORDER">
				<Texture file="Interface\ACHIEVEMENTFRAME\UI-Achievement-IconFrame">
					<Size>
						<AbsDimension x="45" y="45"/>
					</Size>
					<Anchors>
						<Anchor x="-5" y="5" point="TOPLEFT"/>
					</Anchors>
				</Texture>
			</Layer>
			<Layer level="OVERLAY">
				<Texture file="Interface\Cooldown\star4" name="$parentBlink" alpha="0.0" alphaMode="ADD">
					<Animations>
						<AnimationGroup name="$parentAnimate" looping="NONE">
							<Alpha duration="0.4" toAlpha="1" fromAlpha="0" smoothing="IN" order="1"/>
							<Rotation degrees="-45" duration="0.4" smoothing="IN" order="1"/>
							<Alpha duration="0.4" toAlpha="0" fromAlpha="1" smoothing="OUT" startDelay="0.4" order="1"/>
							<Rotation degrees="-45" duration="0.4" smoothing="OUT" startDelay="0.4" order="1"/>

						</AnimationGroup>
					</Animations>
					<Size x="40" y="40"/>
					<Anchors>
						<Anchor x="0" y="0" point="CENTER"/>
					</Anchors>
				</Texture>
			</Layer>
		</Layers>
		<Scripts>
			<OnLoad function="TRP3_ColorButtonLoad"/>
			<OnClick>
				if button == "LeftButton" then
					TRP3_API.popup.showPopup(TRP3_API.popup.COLORS, nil ,{self.setColor, self.red, self.green, self.blue});
				elseif button == "RightButton" then
					self.setColor(nil, nil, nil);
				end
			</OnClick>
			<OnEnter>
				TRP3_RefreshTooltipForFrame(self);
			</OnEnter>
			<OnLeave>
				TRP3_MainTooltip:Hide();
			</OnLeave>
			<PostClick>
				TRP3_API.ui.misc.playUISound("gsCharacterSelection");
			</PostClick>
		</Scripts>
	</Button>

	<!-- Tutorial style hovered frame -->
	<Frame name="TRP3_HoveredFrame" inherits="GlowBoxTemplate" virtual="true">
		<Size x="220" y="100"/>
		<Layers>
			<Layer level="ARTWORK">
				<Texture parentKey="ArrowUP" inherits="HelpPlateArrowDOWN" hidden="true">
					<Size x="53" y="21"/>
					<Anchors>
						<Anchor point="TOP" relativePoint="BOTTOM" x="0" y="3"/>
					</Anchors>
				</Texture>
				<Texture parentKey="ArrowDOWN" inherits="HelpPlateArrowUP" hidden="true">
					<Size x="53" y="21"/>
					<Anchors>
						<Anchor point="BOTTOM" relativePoint="TOP" x="0" y="-3"/>
					</Anchors>
				</Texture>
				<Texture parentKey="ArrowRIGHT" inherits="HelpPlateArrowDOWN" hidden="true">
					<Size x="53" y="21"/>
					<Anchors>
						<Anchor point="RIGHT" relativePoint="LEFT" x="3" y="0"/>
					</Anchors>
				</Texture>
				<Texture parentKey="ArrowLEFT" inherits="HelpPlateArrowDOWN" hidden="true">
					<Size x="53" y="21"/>
					<Anchors>
						<Anchor point="LEFT" relativePoint="RIGHT" x="-3" y="0"/>
					</Anchors>
				</Texture>
			</Layer>
		</Layers>
		<Scripts>
			<OnLoad>
				SetClampedTextureRotation(self.ArrowLEFT, 270);
				SetClampedTextureRotation(self.ArrowRIGHT, 90);
			</OnLoad>
		</Scripts>
	</Frame>

	<!-- More classic style hovered frame -->
	<Frame name="TRP3_AltHoveredFrame" virtual="true">
		<Backdrop edgeFile="Interface\DialogFrame\UI-DialogBox-Gold-Border">
			<EdgeSize>
				<AbsValue val="26"/>
			</EdgeSize>
		</Backdrop>
		<Size x="220" y="100"/>
		<Layers>
			<Layer level="BACKGROUND">
				<Texture parentKey="Background" file="Interface\Collections\CollectionsBackgroundTile" horizTile="true" vertTile="true">
					<Size x="256" y="256"/>
					<Anchors>
						<Anchor point="TOP" x="0" y="-5"/>
						<Anchor point="BOTTOM" x="0" y="5"/>
						<Anchor point="LEFT" x="5" y="0"/>
						<Anchor point="RIGHT" x="-5" y="0"/>
					</Anchors>
				</Texture>
			</Layer>
			<Layer level="ARTWORK">
				<Texture parentKey="ArrowUP" inherits="HelpPlateArrowDOWN" hidden="true">
					<Size x="53" y="21"/>
					<Anchors>
						<Anchor point="TOP" relativePoint="BOTTOM" x="0" y="3"/>
					</Anchors>
				</Texture>
				<Texture parentKey="ArrowDOWN" inherits="HelpPlateArrowUP" hidden="true">
					<Size x="53" y="21"/>
					<Anchors>
						<Anchor point="BOTTOM" relativePoint="TOP" x="0" y="-3"/>
					</Anchors>
				</Texture>
				<Texture parentKey="ArrowRIGHT" inherits="HelpPlateArrowDOWN" hidden="true">
					<Size x="53" y="21"/>
					<Anchors>
						<Anchor point="RIGHT" relativePoint="LEFT" x="3" y="0"/>
					</Anchors>
				</Texture>
				<Texture parentKey="ArrowLEFT" inherits="HelpPlateArrowDOWN" hidden="true">
					<Size x="53" y="21"/>
					<Anchors>
						<Anchor point="LEFT" relativePoint="RIGHT" x="-3" y="0"/>
					</Anchors>
				</Texture>

				<Texture parentKey="BGCornerTopLeft" atlas="collections-background-corner" useAtlasSize="false">
					<Size x="50" y="50"/>
					<Anchors>
						<Anchor point="TOPLEFT" x="9" y="-8"/>
					</Anchors>
				</Texture>

				<Texture parentKey="BGCornerTopRight" atlas="collections-background-corner" useAtlasSize="false">
					<Size x="50" y="50"/>
					<Anchors>
						<Anchor point="TOPRIGHT" x="-9" y="-8"/>
					</Anchors>
					<TexCoords left="1.0" right="0.0" top="0.0" bottom="1.0"/>
				</Texture>

				<Texture parentKey="BGCornerBottomLeft" atlas="collections-background-corner" useAtlasSize="false">
					<Size x="50" y="50"/>
					<Anchors>
						<Anchor point="BOTTOMLEFT" x="9" y="8"/>
					</Anchors>
					<TexCoords left="0.0" right="1.0" top="1.0" bottom="0.0"/>
				</Texture>

				<Texture parentKey="BGCornerBottomRight" atlas="collections-background-corner" useAtlasSize="false">
					<Size x="50" y="50"/>
					<Anchors>
						<Anchor point="BOTTOMRIGHT" x="-9" y="8"/>
					</Anchors>
					<TexCoords left="1.0" right="0.0" top="1.0" bottom="0.0"/>
				</Texture>
			</Layer>
		</Layers>
		<Scripts>
			<OnLoad>
				SetClampedTextureRotation(self.ArrowLEFT, 270);
				SetClampedTextureRotation(self.ArrowRIGHT, 90);
			</OnLoad>
		</Scripts>
		<Animations>
			<AnimationGroup parentKey="showAnimationFromRight">
				<Translation offsetX="-10"  duration="0"/>
				<Translation offsetX="10" duration="0.2" smoothing="OUT"/>
				<Alpha fromAlpha="0" toAlpha="1" duration="0.3" smoothing="OUT"/>
			</AnimationGroup>
			<AnimationGroup parentKey="showAnimationFromLeft">
				<Translation offsetX="10"  duration="0"/>
				<Translation offsetX="-10" duration="0.2" smoothing="OUT"/>
				<Alpha fromAlpha="0" toAlpha="1" duration="0.3" smoothing="OUT"/>
			</AnimationGroup>
			<AnimationGroup parentKey="showAnimationFromTop">
				<Translation offsetY="10"  duration="0"/>
				<Translation offsetY="-10" duration="0.2" smoothing="OUT"/>
				<Alpha fromAlpha="0" toAlpha="1" duration="0.3" smoothing="OUT"/>
			</AnimationGroup>
			<AnimationGroup parentKey="showAnimationFromBottom">
				<Translation offsetY="-10"  duration="0"/>
				<Translation offsetY="10" duration="0.2" smoothing="OUT"/>
				<Alpha fromAlpha="0" toAlpha="1" duration="0.3" smoothing="OUT"/>
			</AnimationGroup>
		</Animations>
	</Frame>

	<!-- Resize button -->
	<Button name="TRP3_ResizeButton" virtual="true">
		<Size x="32" y="32"/>
		<Scripts>
			<OnLoad>
				TRP3_API.ui.frame.initResize(self);
			</OnLoad>
		</Scripts>
		<NormalTexture file="Interface\Buttons\UI-Panel-SmallerButton-Up">
			<TexCoords left="1" right="0" top="0" bottom="1"/>
		</NormalTexture>
		<PushedTexture file="Interface\Buttons\UI-Panel-SmallerButton-Down">
			<TexCoords left="1" right="0" top="0" bottom="1"/>
		</PushedTexture>
		<HighlightTexture file="Interface\Buttons\UI-Panel-MinimizeButton-Highlight" alphaMode="ADD"/>
	</Button>

	<!-- Art pieces to hide border seams
	 	(copied from Blizzard, it adds a gradient texture between corners and borders so they blend)
	 -->
	<Frame name="TRP3_StandardParchmentFrame" virtual="true">
		<Layers>
			<Layer level="ARTWORK">
				<!-- CORNERS -->
				<Texture parentKey="BorderTopLeft" file="Interface\QuestionFrame\Question-Main">
					<Size x="209" y="158"/>
					<Anchors>
						<Anchor point="TOPLEFT" x="0" y="0"/>
					</Anchors>
					<TexCoords left="0.00195313" right="0.41015625" top="0.61718750" bottom="0.92578125"/>
				</Texture>
				<Texture parentKey="BorderTopRight" file="Interface\QuestionFrame\Question-Main">
					<Size x="209" y="158"/>
					<Anchors>
						<Anchor point="TOPRIGHT" x="0" y="0"/>
					</Anchors>
					<TexCoords left="0.41406250" right="0.82031250" top="0.61718750" bottom="0.92578125"/>
				</Texture>
				<Texture parentKey="BorderBottomLeft" file="Interface\QuestionFrame\Question-Main">
					<Size x="209" y="158"/>
					<Anchors>
						<Anchor point="BOTTOMLEFT" x="0" y="0"/>
					</Anchors>
					<TexCoords left="0.00195313" right="0.41015625" top="0.30468750" bottom="0.61328125"/>
				</Texture>
				<Texture parentKey="BorderBottomRight" file="Interface\QuestionFrame\Question-Main">
					<Size x="209" y="158"/>
					<Anchors>
						<Anchor point="BOTTOMRIGHT" x="0" y="0"/>
					</Anchors>
					<TexCoords left="0.41406250" right="0.82226563" top="0.30468750" bottom="0.61328125"/>
				</Texture>

				<!-- BORDERS -->
				<Texture parentKey="BorderLeft" file="Interface\QuestionFrame\Question-Vtile" vertTile="true">
					<Size x="93" y="256"/>
					<Anchors>
						<Anchor point="LEFT" x="2" y="0"/>
						<Anchor point="TOP" relativeKey="$parent.BorderTopLeft" relativePoint="BOTTOM"/>
						<Anchor point="BOTTOM" relativeKey="$parent.BorderBottomLeft" relativePoint="TOP"/>
					</Anchors>
					<TexCoords left="0.00390625" right="0.36718750" top="0.00000000" bottom="1.00000000"/>
				</Texture>
				<Texture parentKey="BorderRight" file="Interface\QuestionFrame\Question-Vtile" vertTile="true">
					<Size x="94" y="256"/>
					<Anchors>
						<Anchor point="RIGHT" x="0" y="0"/>
						<Anchor point="TOP" relativeKey="$parent.BorderTopRight" relativePoint="BOTTOM"/>
						<Anchor point="BOTTOM" relativeKey="$parent.BorderBottomRight" relativePoint="TOP"/>
					</Anchors>
					<TexCoords left="0.37500000" right="0.74218750" top="0.00000000" bottom="1.00000000"/>
				</Texture>
				<Texture parentKey="BottomBorder" file="Interface\QuestionFrame\Question-HTile" horizTile="true">
					<Size x="256" y="86"/>
					<Anchors>
						<Anchor point="BOTTOMLEFT" relativeKey="$parent.BorderBottomLeft" relativePoint="BOTTOMRIGHT"
								y="2"/>
						<Anchor point="BOTTOMRIGHT" relativeKey="$parent.BorderBottomRight" relativePoint="BOTTOMLEFT"
								y="2"/>
					</Anchors>
					<TexCoords left="0.00000000" right="1.00000000" top="0.17187500" bottom="0.33984375"/>
				</Texture>
				<Texture parentKey="TopBorder" file="Interface\QuestionFrame\Question-HTile" horizTile="true">
					<Size x="256" y="91"/>
					<Anchors>
						<Anchor point="TOPLEFT" relativeKey="$parent.BorderTopLeft" relativePoint="TOPRIGHT" y="-1"/>
						<Anchor point="TOPRIGHT" relativeKey="$parent.BorderTopRight" relativePoint="TOPLEFT" y="-1"/>
					</Anchors>
					<TexCoords left="0.00000000" right="1.00000000" top="0.34375000" bottom="0.52148438"/>
				</Texture>
			</Layer>
			<Layer level="ARTWORK" textureSubLevel="2">
				<Texture parentKey="LeftHide" inherits="QuestChoiceLeftHide">
					<Anchors>
						<Anchor point="TOPLEFT" relativeKey="$parent.BorderTopLeft" relativePoint="BOTTOMLEFT" x="10"
								y="10"/>
					</Anchors>
				</Texture>
				<Texture parentKey="LeftHide2" inherits="QuestChoiceLeftHide">
					<Anchors>
						<Anchor point="BOTTOMLEFT" relativeKey="$parent.BorderBottomLeft" relativePoint="TOPLEFT" x="10"
								y="-10"/>
					</Anchors>
				</Texture>
				<Texture parentKey="RightHide" inherits="QuestChoiceRightHide">
					<Anchors>
						<Anchor point="TOPRIGHT" relativeKey="$parent.BorderTopRight" relativePoint="BOTTOMRIGHT" x="-8"
								y="8"/>
					</Anchors>
				</Texture>
				<Texture parentKey="RightHide2" inherits="QuestChoiceRightHide">
					<Anchors>
						<Anchor point="BOTTOMRIGHT" relativeKey="$parent.BorderBottomRight" relativePoint="TOPRIGHT"
								x="-10" y="-10"/>
					</Anchors>
				</Texture>
				<Texture parentKey="BottomHide" inherits="QuestChoiceBottomHide">
					<Anchors>
						<Anchor point="BOTTOMLEFT" relativeKey="$parent.BorderBottomLeft" relativePoint="BOTTOMRIGHT"
								x="-10" y="11"/>
					</Anchors>
				</Texture>
				<Texture parentKey="BottomHide2" inherits="QuestChoiceBottomHide">
					<Anchors>
						<Anchor point="BOTTOMRIGHT" relativeKey="$parent.BorderBottomRight" relativePoint="BOTTOMLEFT"
								x="15" y="11"/>
					</Anchors>
				</Texture>
			</Layer>
			<Layer level="BACKGROUND">
				<Texture parentKey="bTile" file="Interface\QuestionFrame\question-background" vertTile="true" horizTile="true">
					<Anchors>
						<Anchor point="TOPLEFT" x="20" y="-20"/>
						<Anchor point="BOTTOMRIGHT" x="-20" y="20"/>
					</Anchors>
				</Texture>
				<Texture parentKey="bNotTile" file="Interface\QuestionFrame\question-background" hidden="true">
					<Anchors>
						<Anchor point="TOPLEFT" x="20" y="-20"/>
						<Anchor point="BOTTOMRIGHT" x="-20" y="20"/>
					</Anchors>
				</Texture>
			</Layer>
		</Layers>
		<Anchors>
			<Anchor point="CENTER" x="0" y="0"/>
		</Anchors>
	</Frame>

	<!-- Art pieces to hide border seams
	 	(copied from Blizzard, it adds a gradient texture between corners and borders so they blend)
	 -->
	<Frame name="TRP3_SmallerStandardParchmentFrame" virtual="true">
		<Layers>
			<Layer level="BORDER">
				<!-- CORNERS -->
				<Texture parentKey="BorderTopLeft" file="Interface\QuestionFrame\Question-Main">
					<Size x="105" y="79"/>
					<Anchors>
						<Anchor point="TOPLEFT" x="0" y="0"/>
					</Anchors>
					<TexCoords left="0.00195313" right="0.41015625" top="0.61718750" bottom="0.92578125"/>
				</Texture>

				<Texture parentKey="BorderTopRight" file="Interface\QuestionFrame\Question-Main">
					<Size x="105" y="79"/>
					<Anchors>
						<Anchor point="TOPRIGHT" x="0" y="0"/>
					</Anchors>
					<TexCoords left="0.41406250" right="0.82031250" top="0.61718750" bottom="0.92578125"/>
				</Texture>

				<Texture parentKey="BorderBottomLeft" file="Interface\QuestionFrame\Question-Main">
					<Size x="105" y="79"/>
					<Anchors>
						<Anchor point="BOTTOMLEFT" x="0" y="0"/>
					</Anchors>
					<TexCoords left="0.00195313" right="0.41015625" top="0.30468750" bottom="0.61328125"/>
				</Texture>

				<Texture parentKey="BorderBottomRight" file="Interface\QuestionFrame\Question-Main">
					<Size x="105" y="79"/>
					<Anchors>
						<Anchor point="BOTTOMRIGHT" x="0" y="0"/>
					</Anchors>
					<TexCoords left="0.41406250" right="0.82226563" top="0.30468750" bottom="0.61328125"/>
				</Texture>

				<!-- BORDERS -->
				<Texture parentKey="BorderLeft" file="Interface\QuestionFrame\Question-Vtile" vertTile="true">
					<Size x="47" y="128"/>
					<Anchors>
						<Anchor point="LEFT" x="2" y="0"/>
						<Anchor point="TOP" relativeKey="$parent.BorderTopLeft" relativePoint="BOTTOM"/>
						<Anchor point="BOTTOM" relativeKey="$parent.BorderBottomLeft" relativePoint="TOP"/>
					</Anchors>
					<TexCoords left="0.00390625" right="0.36718750" top="0.00000000" bottom="1.00000000"/>
				</Texture>

				<Texture parentKey="BorderRight" file="Interface\QuestionFrame\Question-Vtile" vertTile="true">
					<Size x="47" y="128"/>
					<Anchors>
						<Anchor point="RIGHT" x="0" y="0"/>
						<Anchor point="TOP" relativeKey="$parent.BorderTopRight" relativePoint="BOTTOM"/>
						<Anchor point="BOTTOM" relativeKey="$parent.BorderBottomRight" relativePoint="TOP"/>
					</Anchors>
					<TexCoords left="0.37500000" right="0.74218750" top="0.00000000" bottom="1.00000000"/>
				</Texture>

				<Texture parentKey="BottomBorder" file="Interface\QuestionFrame\Question-HTile" horizTile="true">
					<Size x="128" y="42"/>
					<Anchors>
						<Anchor point="BOTTOMLEFT" relativeKey="$parent.BorderBottomLeft" relativePoint="BOTTOMRIGHT" y="2"/>
						<Anchor point="BOTTOMRIGHT" relativeKey="$parent.BorderBottomRight" relativePoint="BOTTOMLEFT" y="2"/>
					</Anchors>
					<TexCoords left="0.00000000" right="1.00000000" top="0.17187500" bottom="0.33984375"/>
				</Texture>

				<Texture parentKey="TopBorder" file="Interface\QuestionFrame\Question-HTile" horizTile="true">
					<Size x="128" y="44"/>
					<Anchors>
						<Anchor point="TOPLEFT" relativeKey="$parent.BorderTopLeft" relativePoint="TOPRIGHT" y="-1"/>
						<Anchor point="TOPRIGHT" relativeKey="$parent.BorderTopRight" relativePoint="TOPLEFT" y="-1"/>
					</Anchors>
					<TexCoords left="0.00000000" right="1.00000000" top="0.34375000" bottom="0.52148438"/>
				</Texture>
			</Layer>
			<Layer level="BACKGROUND">
				<Texture parentKey="bTile" file="Interface\QuestionFrame\question-background" vertTile="true" horizTile="true">
					<Anchors>
						<Anchor point="TOPLEFT" x="20" y="-20"/>
						<Anchor point="BOTTOMRIGHT" x="-20" y="20"/>
					</Anchors>
				</Texture>
				<Texture parentKey="bNotTile" file="Interface\QuestionFrame\question-background" hidden="true">
					<Anchors>
						<Anchor point="TOPLEFT" x="20" y="-20"/>
						<Anchor point="BOTTOMRIGHT" x="-20" y="20"/>
					</Anchors>
				</Texture>
			</Layer>
		</Layers>
		<Anchors>
			<Anchor point="CENTER" x="0" y="0"/>
		</Anchors>
	</Frame>

	<Slider name="TRP3_Scrollbar" virtual="true">
		<Size>
			<AbsDimension x="18" y="0"/>
		</Size>
		<Anchors>
			<Anchor point="TOP" x="0" y="-15"/>
			<Anchor point="RIGHT" x="0" y="0"/>
			<Anchor point="BOTTOM" x="0" y="12"/>
		</Anchors>
		<Layers>
			<Layer level="BACKGROUND">
				<Texture parentKey="trackBackground">
					<Anchors>
						<Anchor point="TOPLEFT" x="0" y="10"/>
						<Anchor point="BOTTOMRIGHT" x="0" y="-10"/>
					</Anchors>
					<Color r="0" g="0" b="0" a="0.5"/>
				</Texture>
			</Layer>
		</Layers>
		<Frames>
			<Button parentKey="upButton" inherits="UIPanelScrollUpButtonTemplate">
				<Anchors>
					<Anchor point="TOP" x="0" y="12"/>
				</Anchors>
				<Scripts>
					<OnClick>
						local slider = self:GetParent();
						if slider:IsEnabled() then
							slider:SetValue(slider:GetValue() - 1);
							TRP3_API.ui.misc.playUISound("UChatScrollButton");
						else
							self:Disable();
						end
					</OnClick>
				</Scripts>
			</Button>
			<Button parentKey="downButton" inherits="UIPanelScrollDownButtonTemplate">
				<Anchors>
					<Anchor point="BOTTOM" x="0" y="-12"/>
				</Anchors>
				<Scripts>
					<OnClick>
						local slider = self:GetParent();
						if slider:IsEnabled() then
							slider:SetValue(slider:GetValue() + 1);
							TRP3_API.ui.misc.playUISound("UChatScrollButton");
						else
							self:Disable();
						end
					</OnClick>
				</Scripts>
			</Button>
		</Frames>
		<ThumbTexture parentKey="thumbTexture" inherits="UIPanelScrollBarButton" file="Interface\Buttons\UI-ScrollBar-Knob">
			<Size x="18" y="24"/>
			<TexCoords left="0.20" right="0.80" top="0.125" bottom="0.875"/>
		</ThumbTexture>
		<Scripts>
			<OnLoad>
				self:SetMinMaxValues(0, 6);
				self:SetValueStep(1);
				self:SetOrientation("VERTICAL");
			</OnLoad>
		</Scripts>
	</Slider>
	<Frame name="TRP3_InnerFrame" virtual="true">
		<Layers>
			<Layer level="BACKGROUND">
				<Texture file="Interface\DialogFrame\UI-DialogBox-Background" horizTile="true" vertTile="true">
					<Anchors>
						<Anchor point="TOPLEFT" relativePoint="TOPLEFT" x="0" y="0"/>
						<Anchor point="BOTTOMRIGHT" relativePoint="BOTTOMRIGHT" x="0" y="0"/>
					</Anchors>
				</Texture>
			</Layer>
			<Layer level="BORDER" textureSubLevel="-5">
				<Texture name="$parentInsetBotLeftCorner" inherits="UI-Frame-InnerBotLeftCorner" parentKey="InsetBorderBottomLeft">
					<Anchors>
						<Anchor point="BOTTOMLEFT"  x="-3" y="-3"/>
					</Anchors>
				</Texture>
				<Texture name="$parentInsetBotRightCorner" inherits="UI-Frame-InnerBotRight" parentKey="InsetBorderBottomRight">
					<Anchors>
						<Anchor point="BOTTOMRIGHT"  x="3" y="-3"/>
					</Anchors>
				</Texture>
				<Texture name="$parentInsetBottomBorder" inherits="_UI-Frame-InnerBotTile" parentKey="InsetBorderBottom">
					<Anchors>
						<Anchor point="BOTTOMLEFT" relativeTo="$parentInsetBotLeftCorner" relativePoint="BOTTOMRIGHT"/>
						<Anchor point="BOTTOMRIGHT" relativeTo="$parentInsetBotRightCorner" relativePoint="BOTTOMLEFT"/>
					</Anchors>
				</Texture>
				<Texture name="$parentInsetLeftBorder" inherits="!UI-Frame-InnerLeftTile" parentKey="InsetBorderLeft">
					<Anchors>
						<Anchor point="TOPLEFT" x="-3" y="0"/>
						<Anchor point="BOTTOMLEFT" relativeTo="$parentInsetBotLeftCorner" relativePoint="TOPLEFT"/>
					</Anchors>
				</Texture>
				<Texture name="$parentInsetRightBorder" inherits="!UI-Frame-InnerRightTile" parentKey="InsetBorderRight">
					<Anchors>
						<Anchor point="TOPRIGHT"  x="3" y="0"/>
						<Anchor point="BOTTOMRIGHT" relativeTo="$parentInsetBotRightCorner" relativePoint="TOPRIGHT"/>
					</Anchors>
				</Texture>
				<Texture name="$parentInsetTopBorder" inherits="_UI-Frame-InnerTopTile" parentKey="InsetBorderBottom">
					<Anchors>
						<Anchor point="TOPLEFT" relativeTo="$parentInsetLeftBorder" relativePoint="TOPLEFT"/>
						<Anchor point="TOPRIGHT" relativeTo="$parentInsetRightBorder" relativePoint="TOPRIGHT"/>
					</Anchors>
				</Texture>
			</Layer>
		</Layers>
	</Frame>
</Ui>
