<Ui xsi:schemaLocation="http://www.blizzard.com/wow/ui/ UI.xsd">

<!--
	Total RP 3
	Copyright 2014 Sylvain Cossement (telkostrasz@telkostrasz.be)

	Licensed under the Apache License, Version 2.0 (the "License");
	you may not use this file except in compliance with the License.
	You may obtain a copy of the License at

		http://www.apache.org/licenses/LICENSE-2.0

	Unless required by applicable law or agreed to in writing, software
	distributed under the License is distributed on an "AS IS" BASIS,
	WITHOUT WARRANTIES OR CONDITIONS OF ANY KIND, either express or implied.
	See the License for the specific language governing permissions and
	limitations under the License.
-->

	<Script file="ChatThrottleLib\ChatThrottleLib.lua" />
	<Script file="LibStub\LibStub.lua" />
	<Include file="AceAddon-3.0\AceAddon-3.0.xml" />
	<Include file="AceSerializer-3.0\AceSerializer-3.0.xml" />
	<Include file="LibCompress\LibCompress.lua" />
	<Include file="CallbackHandler-1.0\CallbackHandler-1.0.xml" />
	<Include file="LibDataBroker-1.1\LibDataBroker-1.1.lua" />
	<Include file="LibDBIcon-1.0\LibDBIcon-1.0.lua" />

	<!-- NoTaint UIDropDownMenu -->
	<Include file="LibUIDropDownMenu\LibUIDropDownMenu.xml" />
	
</Ui>
