<Ui xmlns="http://www.blizzard.com/wow/ui/" xmlns:xsi="http://www.w3.org/2001/XMLSchema-instance" xsi:schemaLocation="http://www.blizzard.com/wow/ui/">

<!--
	Total RP 3
	Copyright 2014 Sylvain Cossement (telkostrasz@telkostrasz.be)

	Licensed under the Apache License, Version 2.0 (the "License");
	you may not use this file except in compliance with the License.
	You may obtain a copy of the License at

		http://www.apache.org/licenses/LICENSE-2.0

	Unless required by applicable law or agreed to in writing, software
	distributed under the License is distributed on an "AS IS" BASIS,
	WITHOUT WARRANTIES OR CONDITIONS OF ANY KIND, either express or implied.
	See the License for the specific language governing permissions and
	limitations under the License.
-->

	<Button name="TRP3_GlanceBarSlotTemplate" virtual="true">
		<Size x="20" y="20" />
		<Layers>
			<Layer level="OVERLAY">
				<Texture file="Interface\MINIMAP\MiniMap-TrackingBorder.blp">
					<Size x="40" y="40" />
					<Anchors>
						<Anchor point="CENTER" x="8" y="-8" />
					</Anchors>
				</Texture>
			</Layer>
		</Layers>
		<NormalTexture name="$parentImage" file="Interface\TargetingFrame\UI-TargetingFrame-Seal.blp" />
		<HighlightTexture file="Interface\Minimap\UI-Minimap-ZoomButton-Highlight" alphaMode="ADD" />
		<Scripts>
			<OnEnter>
				TRP3_RefreshTooltipForFrame(self);
			</OnEnter>
			<OnLeave>
				TRP3_MainTooltip:Hide();
			</OnLeave>
		</Scripts>
	</Button>

	<Frame name="TRP3_GlanceBarTemplate" hidden="true" frameStrata="MEDIUM" toplevel="true" enableMouse="true" virtual="true">
		<Backdrop bgFile="Interface\TutorialFrame\TutorialFrameBackground" edgeFile="Interface\Tooltips\UI-Tooltip-Border" tile="true">
			<EdgeSize val="16" />
			<TileSize val="418" />
			<BackgroundInsets left="3" right="3" top="5" bottom="3"/>
		</Backdrop>
		<Size x="140" y="32" />
		<Anchors>
			<Anchor point="CENTER" relativePoint="CENTER" x="0" y="0" />
		</Anchors>
		<Frames>
			<Button name="$parentSlot3" inherits="TRP3_GlanceBarSlotTemplate">
				<Anchors>
					<Anchor point="CENTER" x="2" y="0" />
				</Anchors>
			</Button>
			<Button name="$parentSlot2" inherits="TRP3_GlanceBarSlotTemplate">
				<Anchors>
					<Anchor point="RIGHT" relativePoint="LEFT" relativeTo="$parentSlot3" x="-5" y="0" />
				</Anchors>
			</Button>
			<Button name="$parentSlot1" inherits="TRP3_GlanceBarSlotTemplate">
				<Anchors>
					<Anchor point="RIGHT" relativePoint="LEFT" relativeTo="$parentSlot2" x="-5" y="0" />
				</Anchors>
			</Button>
			<Button name="$parentSlot4" inherits="TRP3_GlanceBarSlotTemplate">
				<Anchors>
					<Anchor point="LEFT" relativePoint="RIGHT" relativeTo="$parentSlot3" x="5" y="0" />
				</Anchors>
			</Button>
			<Button name="$parentSlot5" inherits="TRP3_GlanceBarSlotTemplate">
				<Anchors>
					<Anchor point="LEFT" relativePoint="RIGHT" relativeTo="$parentSlot4" x="5" y="0" />
				</Anchors>
			</Button>
		</Frames>
		<Scripts>
			<OnLoad>
				self:RegisterForDrag("LeftButton")
			</OnLoad>
			<OnDragStart>
				self.isDraging = true;
			</OnDragStart>
			<OnDragStop>
				self.isDraging = nil;
			</OnDragStop>
		</Scripts>
	</Frame>

</Ui>
