<Ui xmlns="http://www.blizzard.com/wow/ui/"
	xmlns:xsi="http://www.w3.org/2001/XMLSchema-instance" 
	xsi:schemaLocation="http://www.blizzard.com/wow/ui/">
	
<!--
	Total RP 3
	Copyright 2014 Sylvain Cossement (telkostrasz@telkostrasz.be)

	Licensed under the Apache License, Version 2.0 (the "License");
	you may not use this file except in compliance with the License.
	You may obtain a copy of the License at

		http://www.apache.org/licenses/LICENSE-2.0

	Unless required by applicable law or agreed to in writing, software
	distributed under the License is distributed on an "AS IS" BASIS,
	WITHOUT WARRANTIES OR CONDITIONS OF ANY KIND, either express or implied.
	See the License for the specific language governing permissions and
	limitations under the License.
-->
	
	<!-- Please note that the loading order matters a lot -->
	<GameTooltip name="TRP3_MainTooltip" frameStrata="TOOLTIP" hidden="false" parent="UIParent" inherits="GameTooltipTemplate"/>
	<GameTooltip name="TRP3_Toast" frameStrata="TOOLTIP" hidden="false" parent="UIParent" inherits="GameTooltipTemplate">
		<Scripts>
			<OnHide>
				self.isFading = nil;
			</OnHide>
		</Scripts>
	</GameTooltip>

	<Frame name="TRP3_ResizeShadowFrame" parent="UIParent" frameStrata="FULLSCREEN" hidden="true" resizable="true">
		<Backdrop edgeFile="Interface\Tooltips\UI-Tooltip-Border" tile="true" bgFile="Interface\DialogFrame\UI-DialogBox-Background">
			<EdgeSize><AbsValue val="24"/></EdgeSize><TileSize><AbsValue val="400"/></TileSize>
			<BackgroundInsets><AbsInset left="5" right="5" top="5" bottom="5"/></BackgroundInsets>
		</Backdrop>
		<Layers>
			<Layer level="OVERLAY">
				<FontString parentKey="text" inherits="GameFontNormal" justifyH="CENTER" justifyV="MIDDLE" setAllPoints="true">
					<Color b="1.0" r="1.0" g="1.0"/>
				</FontString>
			</Layer>
		</Layers>
	</Frame>
	
	<Script file="impl\globals.lua"/>
	<Script file="impl\events.lua"/>
	<Include file="impl\locale\locale.xml"/>
	<Script file="impl\utils.lua"/>
	<Script file="impl\ui_tools.lua"/>
	<Script file="impl\slash.lua"/>
	
	<Include file="ui\widgets.xml"/>
	
	<Include file="ui\main.xml"/>
	<Script file="impl\main_structure.lua"/>
	
	<Include file="ui\configuration.xml"/>
	<Script file="impl\configuration.lua"/>
	
	<Script file="impl\communication_protocol.lua"/>
	<Script file="impl\communication_protocol_broadcast.lua"/>
	
	<Script file="impl\ui_main.lua"/>
	
	<Include file="ui\browsers\icons.xml"/>
	<Include file="ui\browsers\companions.xml"/>
	<Include file="ui\browsers\musics.xml"/>
	<Include file="ui\browsers\colors.xml"/>
	<Include file="ui\browsers\images.xml"/>
	<Script file="impl\popup.lua"/>
	
	<Include file="ui\profiles.xml"/>
	<Script file="impl\profiles.lua"/>

</Ui>
